height_cm,media,price_gbp,title,url,width_cm
30,Acrylic paint on sprayed board,24,P10 by Olly Fathers,https://www.bearspace.co.uk/product-page/p10-by-olly-fathers,30
120,90x120,N/A,Overland I by Jane Ward,https://www.bearspace.co.uk/product-page/overland-i-by-jane-ward,120
120,Sprayed board,400,Crossroads by Olly Fathers,https://www.bearspace.co.uk/product-page/crossroads-by-olly-fathers,120
130,"Oil paint, spray paint & gold leaf on board",N/A,The Hurricane by Lucy Baker,https://www.bearspace.co.uk/product-page/the-hurricane-by-lucy-baker,130
32,"Various wood veneers, various woods, board",110,Constructed Veneer IV by Olly Fathers,https://www.bearspace.co.uk/product-page/constructed-veneer-4-by-olly-fathers,32
130,"Oil paint, spray paint & gold leaf on board",N/A,Amazons by Lucy Baker,https://www.bearspace.co.uk/product-page/amazons-by-lucy-baker,130
70,"Spraypaint, board, card, digital print collage",194,Tommy by Olly Fathers,https://www.bearspace.co.uk/product-page/tommy-by-olly-fathers,70
24,"Various wood veneers, various woods, board",94,Constructed Veneer VI by Olly Fathers,https://www.bearspace.co.uk/product-page/constructed-veneer-5-by-olly-fathers-1,24
40,"Oil paint, spray paint & gold leaf on board",N/A,OFF ROAD by Lucy Baker,https://www.bearspace.co.uk/product-page/off-road-by-lucy-baker,40
33,"Various wood veneers, various woods, board",94,Constructed Veneer V by Olly Fathers,https://www.bearspace.co.uk/product-page/constructed-veneer-5-by-olly-fathers,33
25,"Various wood veneers, various woods, board",94,Constructed Veneer VII by Olly Fathers,https://www.bearspace.co.uk/product-page/constructed-veneer-vii-by-olly-fathers,25
21,"Spraypaint, vinyl, card, digital print collage",N/A,Collage 2 by Olly Fathers,https://www.bearspace.co.uk/product-page/collage-2-by-olly-fathers,21
21,"Spraypaint, vinyl, card, digital print collage",N/A,Collage 3 by Olly Fathers,https://www.bearspace.co.uk/product-page/collage-3-by-olly-fathers,21
21,"Spraypaint, vinyl, card, digital print collage",N/A,Collage 1 by Olly Fathers,https://www.bearspace.co.uk/product-page/collage-1-by-olly-fathers,21
30,Acrylic paint on sprayed board,24,C6 by Olly Fathers,https://www.bearspace.co.uk/product-page/c6-by-olly-fathers,30
30,Acrylic paint on sprayed board,24,C13 by Olly Fathers,https://www.bearspace.co.uk/product-page/c13-by-olly-fathers,30
30,Acrylic paint on sprayed board,24,P1 by Olly Fathers,https://www.bearspace.co.uk/product-page/p1-by-olly-fathers,30
30,Acrylic paint on sprayed board,24,P8 by Olly Fathers,https://www.bearspace.co.uk/product-page/p8-by-olly-fathers,30
30,Acrylic paint on sprayed board,24,P4 by Olly Fathers,https://www.bearspace.co.uk/product-page/p4-by-olly-fathers,30
120,Archival digital print on canvas with dissolved canvas,N/A,The Ephemeral Isles by Jane Ward,https://www.bearspace.co.uk/product-page/the-ephemeral-isles-by-jane-ward,120
34,"Oil paint, spray paint & gold leaf on board",N/A,Another Sunset by Lucy Baker,https://www.bearspace.co.uk/product-page/another-sunset-by-lucy-baker,34
50,"oil with charcoal, watercolour and pencil on canvas",N/A,Morning Came by Dominic Bradnum,https://www.bearspace.co.uk/product-page/morning-came-by-dominic-bradnum,50
40,Oil paint & spray paint on board,N/A,Hurricane by Lucy Baker,https://www.bearspace.co.uk/product-page/hurricane-by-lucy-baker,40
N/A,Digital print under acrylic with subframe,N/A,Portal 7 by Jane Ward,https://www.bearspace.co.uk/product-page/portal-7-by-jane-ward,N/A
14,16cm x 14cm,44,Kin by Vic Wright,https://www.bearspace.co.uk/product-page/kin-by-vic-wright,14
N/A,Digital print under acrylic with subframe,N/A,Portal 8 by Jane Ward,https://www.bearspace.co.uk/product-page/portal-8-by-jane-ward,N/A
N/A,Digital print under acrylic with subframe,N/A,Portal 9 by Jane Ward,https://www.bearspace.co.uk/product-page/portal-9-by-jane-ward,N/A
50,Inkjet Print (Hahnemuhle Ultra-Smooth),N/A,Balancing Acts I by Elise Wootten,https://www.bearspace.co.uk/product-page/balancing-acts-i-by-elise-wootten,50
50,Inkjet Print (Hahnemuhle Ultra-Smooth),N/A,Balancing Acts II by Elise Wootten,https://www.bearspace.co.uk/product-page/balancing-acts-ii-by-elise-wootten,50
50,Inkjet Print (Hahnemuhle Ultra-Smooth),N/A,Balancing Acts III by Elise Wootten,https://www.bearspace.co.uk/product-page/balancing-acts-iii-by-elise-wootten,50
50,Inkjet Print (Hahnemuhle Ultra-Smooth),N/A,Balancing Acts IV by Elise Wootten,https://www.bearspace.co.uk/product-page/balancing-acts-iv-by-elise-wootten,50
50,"oil on canvas with charcoal, watercolour and pencil",64,You Took My Breath Away by Dominic Bradnum,https://www.bearspace.co.uk/product-page/you-took-my-breath-away-by-dominic-bradnum,50
50,Inkjet Print (Hahnemuhle Ultra-Smooth),N/A,Balancing Acts V by Elise Wootten,https://www.bearspace.co.uk/product-page/balancing-acts-v-by-elise-wootten,50
80,"Oil with charcoal, watercolour and sand on canvas",140,As The Tide Turned by Dominic Bradnum,https://www.bearspace.co.uk/product-page/as-the-tide-turned-by-dominic-bradnum,80
53,Sprayed board,340,Candy Flop by Olly Fathers,https://www.bearspace.co.uk/product-page/candy-flop-by-olly-fathers,53
89,"Aluminium, Inkjet Vinyl Print",N/A,Somewhat Confusing II by Elise Wootten,https://www.bearspace.co.uk/product-page/somewhat-confusing-ii-by-elise-wootten,89
88,"Aluminium, Inkjet Vinyl Print",N/A,Somewhat Confusing I by Elise Wootten,https://www.bearspace.co.uk/product-page/somewhat-confusing-i-by-elise-wootten,88
882019,"Aluminium, Inkjet Vinyl Print",N/A,Somewhat Confusing III by Elise Wootten,https://www.bearspace.co.uk/product-page/somewhat-confusing-iii-by-elise-wootten,882019
50,Set of four,N/A,All Recognisable Entities by Elise Wootten,https://www.bearspace.co.uk/product-page/all-recognisable-entities-by-elise-wootten,50
120,Archival digital print on canvas with dissolved canvas,N/A,To The Zenith's Height by Jane Ward,https://www.bearspace.co.uk/product-page/to-the-zenith-s-height-by-jane-ward,120
60,Digital print on Aluminium,N/A,From Steep to Steep by Jane Ward,https://www.bearspace.co.uk/product-page/from-steep-to-steep-by-jane-ward,60
N/A,Digital print under acrylic with subframe,N/A,Portal 6 by Jane Ward,https://www.bearspace.co.uk/product-page/portal-6-by-jane-ward,N/A
15,"13K gold leaf, copper leaf, white casting cement, iron and pigment",N/A,Meld 5,https://www.bearspace.co.uk/product-page/copy-of-meld-5,15
60,Digital print on canvas with dissolved ink,N/A,The Ephemeral Isles 5 by Jane Ward,https://www.bearspace.co.uk/product-page/the-ephemeral-isles-5a-by-jane-ward,60
30,Digital print on Aluminium,N/A,Unfathomable Deeps by Jane Ward,https://www.bearspace.co.uk/product-page/unfathomable-deeps-by-jane-ward-1,30
30,Digital print on Aluminium,N/A,From Frozen Floods by Jane Ward,https://www.bearspace.co.uk/product-page/from-frozen-floods-by-jane-ward-1,30
N/A,Digital print under acrylic with subframe,N/A,Portal 5 by Jane Ward,https://www.bearspace.co.uk/product-page/portal-5-by-jane-ward,N/A
60,Digital print on Aluminium,N/A,Castle 2 by Jane Ward,https://www.bearspace.co.uk/product-page/castle-2-by-jane-ward,60
N/A,Digital print under acrylic with subframe,N/A,Portal 1 by Jane Ward,https://www.bearspace.co.uk/product-page/portal-1-by-jane-ward,N/A
54,"Resin, pigments, inkjet prints, canvas, MDF",N/A,FRAGMENTATION No.44 by Jim Cheatle,https://www.bearspace.co.uk/product-page/fragmentation-no-44-by-jim-cheatle,54
54,"Resin, pigments, indian ink, watercolour paper, inkjet prints, MDF",N/A,FRAGMENTATION No.46 by Jim Cheatle,https://www.bearspace.co.uk/product-page/fragmentation-no-46-by-jim-cheatle,54
54,"Resin, pigments, canvas, paper, inkjet prints, MDF",N/A,FRAGMENTATION No.33 by Jim Cheatle,https://www.bearspace.co.uk/product-page/fragmentation-no-33-by-jim-cheatle,54
54,"Resin, pigments, inkjet prints, acrylic, paper, MDF",N/A,FRAGMENTATION No.45 by Jim Cheatle,https://www.bearspace.co.uk/product-page/fragmentation-no-45-by-jim-cheatle,54
54,"Resin, pigments, canvas, paper, inkjet prints, MDF",N/A,FRAGMENTATION No.17 by Jim Cheatle,https://www.bearspace.co.uk/product-page/fragmentation-no-17-by-jim-cheatle,54
23,"Resin, pigments, inkjet prints, MDF",N/A,Fragstudy 3 by Jim Cheatle,https://www.bearspace.co.uk/product-page/fragstudy-3-by-jim-cheatle,23
23,"Resin, pigments, inkjet prints, MDF",N/A,Fragstudy 2 by Jim Cheatle,https://www.bearspace.co.uk/product-page/fragstudy-2-by-jim-cheatle,23
54,"Resin, pigments, paper, indian ink, inkjet prints, MDF",N/A,FRAGMENTATION No.10 by Jim Cheatle,https://www.bearspace.co.uk/product-page/fragmentation-no-10-by-jim-cheatle,54
23,"Resin, pigments, inkjet prints, MDF",N/A,Fragstudy 1 by Jim Cheatle,https://www.bearspace.co.uk/product-page/fragstudy-1-by-jim-cheatle,23
23,"Resin, pigments, inkjet prints, MDF",N/A,Fragstudy 4 by Jim Cheatle,https://www.bearspace.co.uk/product-page/fragstudy-4-by-jim-cheatle,23
23,"Resin, pigments, inkjet prints, MDF",N/A,Fragstudy 7 by Jim Cheatle,https://www.bearspace.co.uk/product-page/fragstudy-5-by-jim-cheatle,23
6,13k gold leaf and grey casting cement.,N/A,Facet by Vic Wright,https://www.bearspace.co.uk/product-page/facet-by-vic-wright,6
7,"Fine white casting cement, ink and 18k gold",N/A,Facet 3 by Vic Wright,https://www.bearspace.co.uk/product-page/facet-3-by-vic-wright,7
6,Fine white casting cement and 24k gold leaf,N/A,Facet 4 by Vic Wright,https://www.bearspace.co.uk/product-page/facet-4-by-vic-wright,6
10,"Fine white casting cement, ink, crystals and 24k gold leaf",N/A,Conversation 3 by Vic Wright,https://www.bearspace.co.uk/product-page/conversation-3-by-vic-wright,10
7,"24k gold leaf, white casting cement and ink",N/A,Facet 2 by Vic Wright,https://www.bearspace.co.uk/product-page/facet-2-by-vic-wright,7
6,"Fine white casting cement, ink and 24k gold leaf",N/A,Facet 5 by Vic Wright,https://www.bearspace.co.uk/product-page/facet-5-by-vic-wright,6
8,Black and white casting cement with 24k gold leaf,N/A,Conversation 2 by Vic Wright,https://www.bearspace.co.uk/product-page/conversation-2-by-vic-wright,8
11,Sculpted hand and laser cut paper,N/A,Flight by Dionne Cole,https://www.bearspace.co.uk/product-page/flight-by-dionne-cole,11
85,58W x 85.5Hcm,N/A,Green Sanctuary by Dionne Cole,https://www.bearspace.co.uk/product-page/green-sanctuary-by-dionne-cole,85
N/A,oil on canvas with charcoal and watercolour,160,I See Beauty In Everything by Dominic Badnum,https://www.bearspace.co.uk/product-page/i-see-beauty-in-everything-by-dominic-badnum,N/A
N/A,oil on canvas,160,The Tide Seems To Whisper Your Name by Dominic Badnum,https://www.bearspace.co.uk/product-page/the-tide-seems-to-whisper-your-name-by-dominic-badnum,N/A
101,76 x 101.6 cm,N/A,Disperse by Dionne Cole,https://www.bearspace.co.uk/product-page/disperse-by-dionne-cole,101
40,30.5W x 40.7Hcm,N/A,Shades of Coral II by Dionne Cole,https://www.bearspace.co.uk/product-page/shades-of-coral-ii-by-dionne-cole,40
50,"oil with charcoal, watercolour and pencil on canvas",64,This Day Is Ours by Dominic Bradnum,https://www.bearspace.co.uk/product-page/you-took-my-breath-away-by-dominic-badnum,50
84,59.4 x 84.1cm,N/A,Purple Motion by Dionne Cole,https://www.bearspace.co.uk/product-page/purple-motion-by-dionne-cole,84
18,"16K goldleaf, white casting cement, pigment and ink",N/A,Meld 6 by Vic Wright,https://www.bearspace.co.uk/product-page/meld-5-by-vic-wright,18
15,"13K gold leaf, copper leaf, white casting cement, iron and pigment",N/A,Meld 4 by Vic Wright,https://www.bearspace.co.uk/product-page/meld-4-by-vic-wright,15
50,oil on canvas with charcoal and watercolour,84,Take My Hand by Dominic Badnum,https://www.bearspace.co.uk/product-page/take-my-hand-by-dominic-badnum,50
120,Digital print on Aluminium,N/A,The Ephemeral Isles 1 by Jane Ward,https://www.bearspace.co.uk/product-page/the-ephemeral-isles-1-by-jane-ward,120
60,Digital print on Aluminium,N/A,Those Hidden Ravines by Jane Ward,https://www.bearspace.co.uk/product-page/those-hidden-ravines-by-jane-ward,60
38,Oil on Gessoed canvas on Board,380,El Dorado by John Greenwood,https://www.bearspace.co.uk/product-page/el-dorado-by-john-greenwood,38
120,Digital print on canvas with dissolved ink and gold leaf,1400,From the Curved Horizon by Jane Ward,https://www.bearspace.co.uk/product-page/from-the-curved-horizon-by-jane-ward,120
120,Digital print on canvas with dissolved ink and pigment,1400,To The Zenith'sHeight by Jane Ward,https://www.bearspace.co.uk/product-page/to-the-zenith-sheight-by-jane-ward,120
30,Oil on Canvas,300,Spangled by John Greenwood,https://www.bearspace.co.uk/product-page/spangled-by-john-greenwood,30
41,Pencil on Arches paper,N/A,Where Stars Dissolve by Bella Easton,https://www.bearspace.co.uk/product-page/where-stars-dissolve-by-bella-easton,41
40,Graphite on paper,320,Entry Point by Joseph Stokes,https://www.bearspace.co.uk/product-page/entry-point-by-joseph-stokes,40
41,Pencil on Arches paper,N/A,ANGEL HEART by Bella Easton,https://www.bearspace.co.uk/product-page/angel-heart-by-bella-easton,41
90, ,84,And The Sunset by Jane Ward,https://www.bearspace.co.uk/product-page/and-the-sunset-by-jane-ward,90
11,White and grey casting cement with ink,N/A,Standing Triple Black Grey and White by Vic Wright,https://www.bearspace.co.uk/product-page/standing-triple-black-grey-and-white-by-vic-wright,11
10,24K gold leaf & white casting cement,N/A,White Sitting Double by Vic Wright,https://www.bearspace.co.uk/product-page/white-sitting-double-by-vic-wright,10
13,White and Grey fine casting cement with white wax,N/A,Standing White and Grey speckle by Vic Wright,https://www.bearspace.co.uk/product-page/standing-white-and-grey-speckle-by-vic-wright,13
38,Oil on Gessoed canvas on Board,980,Museum of now by John Greenwood,https://www.bearspace.co.uk/product-page/museum-of-now-by-john-greenwood,38
14,24k gold leaf with casting cement,N/A,Standing Triple Grey and Black by Vic Wright,https://www.bearspace.co.uk/product-page/standing-triple-grey-and-black-by-vic-wright,14
12,"13k gold leaf, white casting cement and ink",N/A,Meld 3 by Vic Wright,https://www.bearspace.co.uk/product-page/meld-3-by-vic-wright,12
6,Grey casting cement,N/A,Standing Grey double by Vic Wright,https://www.bearspace.co.uk/product-page/standing-grey-double-by-vic-wright,6
6,"Lichen gilded with 24k gold leaf, moss with ground copper, and white casting cement",N/A,"Standing White , black & gold by Vic Wright",https://www.bearspace.co.uk/product-page/standing-white-black-gold-by-vic-wright,6
14,"24k gold leaf, white casting cement and ground iron",N/A,Meld 1 by Vic Wright,https://www.bearspace.co.uk/product-page/meld-1-by-vic-wright,14
13,18K gold leaf and white casting cement,N/A,Conversation by Vic Wright,https://www.bearspace.co.uk/product-page/conversation-by-vic-wright,13
8,"18k goldleaf, grey casting cement and white wax.",N/A,Ore by Vic Wright,https://www.bearspace.co.uk/product-page/ore-by-vic-wright,8
13,13x23x13 cm,N/A,Emplacement 7 by Victoria Ashdown,https://www.bearspace.co.uk/product-page/emplacement-7-by-victoria-ashdown,13
12,"24k goldleaf, white and black cement with iron",N/A,Meld 2 by Vic Wright,https://www.bearspace.co.uk/product-page/meld-2-by-vic-wright,12
50,Acrylic and oil paint on canvas,N/A,"""Exchange"" by Deanna Lewis",https://www.bearspace.co.uk/product-page/exchange-by-deanna-lewis,50
12,20x21x12 cm,N/A,Emplacement 6 by Victoria Ashdown,https://www.bearspace.co.uk/product-page/emplacement-6-by-victoria-ashdown,12
50,Acrylic and oil paint on canvas,N/A,"""Follow"" by Deanna Lewis",https://www.bearspace.co.uk/product-page/follow-by-deanna-lewis,50
50,Acrylic and oil paint on canvas,N/A,"""Point"" by Deanna Lewis",https://www.bearspace.co.uk/product-page/point-by-deanna-lewis,50
90, ,84,Broad Vales Between by Jane Ward,https://www.bearspace.co.uk/product-page/broad-vales-between-by-jane-ward,90
60,Oil on canvas,94,The Reaches by Chris Hawtin,https://www.bearspace.co.uk/product-page/the-reaches-by-chris-hawtin,60
60,Acrylic and oil paint on canvas,N/A,"""Shift"" by Deanna Lewis",https://www.bearspace.co.uk/product-page/shift-by-deanna-lewis,60
60,Oil on canvas,94,The Chaos by Chris Hawtin,https://www.bearspace.co.uk/product-page/the-chaos-by-chris-hawtin,60
60,Acrylic and oil paint on canvas,N/A,"""Push"" by Deanna Lewis",https://www.bearspace.co.uk/product-page/push-by-deanna-lewis,60
50,oil on canvas,64,SSHHH by Dominic Bradnum,https://www.bearspace.co.uk/product-page/sshhh-by-dominic-bradnum,50
60,Oil on canvas,94,With Tomorrow by Chris Hawtin,https://www.bearspace.co.uk/product-page/with-tomorrow-by-chris-hawtin,60
90, ,94,Unfathomable Deeps by Jane Ward,https://www.bearspace.co.uk/product-page/unfathomable-deeps-by-jane-ward,90
60,Acrylic and oil paint on canvas,N/A,"""Stroke"" by Deanna Lewis",https://www.bearspace.co.uk/product-page/stroke-by-deanna-lewis,60
90, ,84,In These Solitudes by Jane Ward,https://www.bearspace.co.uk/product-page/in-these-solitudes-by-jane-ward,90
150,"oil, watercolour, charcoal and ink on canvas",240,Message Of Undying Love by Dominic Bradnum,https://www.bearspace.co.uk/product-page/message-of-undying-love-by-dominic-bradnum,150
90, ,84,"Of Earth, Air and Water by Jane Ward",https://www.bearspace.co.uk/product-page/of-earth-air-and-water-by-jane-ward,90
70, ,94,The High Way (Peak) by Jane Ward,https://www.bearspace.co.uk/product-page/the-high-way-peak-by-jane-ward-1,70
90, ,84,From Frozen Floods by Jane Ward,https://www.bearspace.co.uk/product-page/from-frozen-floods-by-jane-ward,90
100,"oil, watercolour, charcoal and ink on canvas",140,"Wherever You Go, I Will Follow by Dominic Bradnum",https://www.bearspace.co.uk/product-page/wherever-you-go-i-will-follow-by-dominic-bradnum,100
1413,Mixed media,N/A,Sovereign,https://www.bearspace.co.uk/product-page/sovereign,1413
30,Oil and acrylic on canvas,64,Take Our Time (Someday) by Chris Hawtin,https://www.bearspace.co.uk/product-page/take-our-time-someday-by-chris-hawtin,30
99,Oil & acrylic on canvas,160,The Mortal Frame by Chris Hawtin,https://www.bearspace.co.uk/product-page/the-mortal-frame-by-chris-hawtin,99
30,"Oil, acrylic and pigment on canvas",64,Loneliness by Chris Hawtin,https://www.bearspace.co.uk/product-page/loneliness-by-chris-hawtin,30
1413,Mixed media,N/A,copy of Recon Drones by Chris Hawtin,https://www.bearspace.co.uk/product-page/copy-of-recon-drones-by-chris-hawtin,1413
1413,Mixed media,N/A,Recon Drones by Chris Hawtin,https://www.bearspace.co.uk/product-page/recon-drones-by-chris-hawtin,1413
1413,Mixed media,N/A,Capital Drone by Chris Hawtin,https://www.bearspace.co.uk/product-page/capital-drone-by-chris-hawtin,1413
120,Archival digital print on canvas,N/A,Bridge Over Garden City State by Jane Ward,https://www.bearspace.co.uk/product-page/bridge-over-garden-city-state-by-jane-ward,120
1413,Mixed media,N/A,Factory by Chris Hawtin,https://www.bearspace.co.uk/product-page/factory-by-chris-hawtin,1413
70, ,94,The High Way (Pass) by Jane Ward,https://www.bearspace.co.uk/product-page/the-high-way-peak-by-jane-ward,70
70,90x70cm,N/A,Skywalk by Jane Ward,https://www.bearspace.co.uk/product-page/skywalk-by-jane-ward,70
30,Oil and acrylic on canvas,64,Embers by Chris Hawtin,https://www.bearspace.co.uk/product-page/embers-by-chris-hawtin,30
5,30x30x5,N/A,Emplacement 1 by Victoria Ashdown,https://www.bearspace.co.uk/product-page/emplacement-1-by-victoria-ashdown,5
80,60x80cm,N/A,Yellow Wall by Lucinda Metcalfe,https://www.bearspace.co.uk/product-page/yellow-wall-by-lucinda-metcalfe-1,80
198,"Oil, enamel, acrylic and plaster on canvas",400,The Wheel by Chris Hawtin,https://www.bearspace.co.uk/product-page/the-wheel-by-chris-hawtin,198
24,26x4x24,N/A,Emplacement 2 by Victoria Ashdown,https://www.bearspace.co.uk/product-page/emplacement-2-by-victoria-ashdown,24
9,15x42x9 cm,N/A,Emplacement 3 by Victoria Ashdown,https://www.bearspace.co.uk/product-page/emplacement-3-by-victoria-ashdown,9
8,40x26x8 cm,N/A,Emplacement 5 by Victoria Ashdown,https://www.bearspace.co.uk/product-page/emplacement-5-by-victoria-ashdown,8
70,Oil & acrylic on canvas,140,The Castle by Chris Hawtin,https://www.bearspace.co.uk/product-page/the-castle-by-chris-hawtin,70
30,Digital print on canvas with hand dissolved ink,N/A,Alpine 2 by Jane Ward,https://www.bearspace.co.uk/product-page/alpine-2-by-jane-ward,30
45,57.5cmx45cm ,N/A,Summer Breeze by Lucinda Metcalfe,https://www.bearspace.co.uk/product-page/summer-breeze-by-lucinda-metcalfe,45
30,Digital print on canvas with hand dissolved ink,N/A,Alpine 4 by Jane Ward,https://www.bearspace.co.uk/product-page/alpine-3-by-jane-ward,30
30,Digital print on canvas with hand dissolved ink,N/A,Alpine 3 by Jane Ward,https://www.bearspace.co.uk/product-page/alpine-3-by-jane-ward-1,30
7,43x25x7 cm,N/A,Emplacement 4 by Victoria Ashdown,https://www.bearspace.co.uk/product-page/emplacement-4-by-victoria-ashdown,7
42,screenprint on paper,N/A,YETI OVER MOUNT FUJI (PANTONE YELLOW) by Phil Ashcroft,https://www.bearspace.co.uk/product-page/yeti-over-mount-fuji-pantone-yellow-by-phil-ashcroft,42
198,"Oil, enamel, acrylic and plaster on canvas",400,Ennio Fallen by Chris Hawtin,https://www.bearspace.co.uk/product-page/ennio-fallen-by-chris-hawtin,198
180,"Oil, enamel, acrylic and plaster on canvas",380,Venn's Bluff by Chris Hawtin,https://www.bearspace.co.uk/product-page/venn-s-bluff-by-chris-hawtin,180
117,Artist: Bella Easton,280,MYRIORAMA ROOM series - LAMP by Bella Easton,https://www.bearspace.co.uk/product-page/myriorama-room-series-lamp-by-bella-easton,117
117,Artist: Bella Easton,280,MYRIORAMA ROOM series – FIREPLACE II by Bella Easton,https://www.bearspace.co.uk/product-page/myriorama-room-series-fireplace-ii-by-bella-easton,117
18,Watercolour and hand coloured copper plate etching on Velin Arches,94,Chiral VI by Bella Easton,https://www.bearspace.co.uk/product-page/chiral-vi-by-bella-easton,18
30,Oil & acrylic on canvas,69,Guiding Light by Chris Hawtin,https://www.bearspace.co.uk/product-page/guiding-light-by-chris-hawtin,30
120,Archival digital print on canvas,N/A,Overland 2 by Jane Ward,https://www.bearspace.co.uk/product-page/overland-2-by-jane-ward,120
18,Watercolour and hand coloured copper plate etching on Velin Arches,95,Chiral IV by Bella Easton,https://www.bearspace.co.uk/product-page/chiral-iv-by-bella-easton,18
120,Archival digital print on canvas,N/A,Overland 1 by Jane Ward,https://www.bearspace.co.uk/product-page/overland-1-by-jane-ward,120
18,Watercolour and hand coloured copper plate etching on Velin Arches,94,Chiral V by Bella Easton,https://www.bearspace.co.uk/product-page/chiral-v-by-bella-easton,18
120,Archival digital print on canvas,N/A,Overland 4 by Jane Ward,https://www.bearspace.co.uk/product-page/overland-4-by-jane-ward,120
30,Digital print on canvas with hand dissolved ink,N/A,Alpine 1 by Jane Ward,https://www.bearspace.co.uk/product-page/alpine-1-by-jane-ward,30
45, ,N/A,Garden City State 1c by Jane Ward,https://www.bearspace.co.uk/product-page/garden-city-state-1c-by-jane-ward,45
N/A,"Oil with charcoal, watercolour, salt & sand on canvas",140,I Crash Into Your Arms by Dominic Bradnum,https://www.bearspace.co.uk/product-page/i-crash-into-your-arms,N/A
45, ,N/A,Garden City State 1b by Jane Ward,https://www.bearspace.co.uk/product-page/garden-city-state-1b-by-jane-ward,45
N/A,Oil with charcoal & watercolour on canvas,160,Under A Bruised And Leaden Sky by Dominic Badnum,https://www.bearspace.co.uk/product-page/under-a-bruised-and-leaden-sky-by-dominic-badnum,N/A
N/A,height 110cm x width 150cm,240,Then All Was Calm... by Dominic Bradnum,https://www.bearspace.co.uk/product-page/then-all-was-calm,N/A
18,Watercolour and hand coloured copper plate etching on Velin Arches,94,Chiral III by Bella Easton,https://www.bearspace.co.uk/product-page/chiral-iii-by-bella-easton,18
143,"Oil,enamel and acrylic on canvas",240,Jerome's Peak by Chris Hawtin,https://www.bearspace.co.uk/product-page/jerome-s-peak-by-chris-hawtin,143
120,Archival digital print on canvas,N/A,Overland 3 by Jane Ward,https://www.bearspace.co.uk/product-page/overland-3-by-jane-ward,120
99,"Oil, enamel and acrylic on canvas",160,Anxiety Machines by Chris Hawtin,https://www.bearspace.co.uk/product-page/anxiety-machines,99
70,Oil and acrylic on canvas,120,Photeus at the Pythia by Chris Hawtin,https://www.bearspace.co.uk/product-page/photeus-at-the-pythia-by-chris-hawtin,70
198,"Oil, enamel, acrylic and resin on canvas",400,Gregor's Hollow by Chris Hawtin,https://www.bearspace.co.uk/product-page/gregor-s-hollow-by-chris-hawtin,198
50,Oil and acrylic on canvas,69,Protist Peak by Chris Hawtin,https://www.bearspace.co.uk/product-page/protist-peak-by-chris-hawtin,50
40,"Oil, enamel and acrylic on canvas",69,Relic Engines by Chris Hawtin,https://www.bearspace.co.uk/product-page/relic-engines-by-chris-hawtin,40
47,Oil and acrylic on canvas,80,Seth's Narrows by Chris Hawtin,https://www.bearspace.co.uk/product-page/seth-s-narrows-by-chris-hawtin,47
56,Screen print on paper,25,The Scientist by Chris Hawtin,https://www.bearspace.co.uk/product-page/the-scientist-by-chris-hawtin,56
101,Oil and enamel on canvas,160,The Hidden City by Chris Hawtin,https://www.bearspace.co.uk/product-page/the-hidden-city-by-chris-hawtin,101
86,Oil on canvas,140,The Cope Marsh Station by Chris Hawtin,https://www.bearspace.co.uk/product-page/the-cope-marsh-station,86
46,Oil and acrylic on canvas,80,Tilt by Chris Hawton,https://www.bearspace.co.uk/product-page/tilt-by-chris-hawton,46
56,Screenprint on paper,25,The Vandal by Chris Hawtin,https://www.bearspace.co.uk/product-page/the-vandal-by-chris-hawtin,56
18,Watercolour and hand coloured copper plate etching on Velin Arches,94,Chiral II by Bella Easton,https://www.bearspace.co.uk/product-page/chiral-ii-by-bella-easton,18
62,Oil on Canvas,94,March by Chris Hawtin,https://www.bearspace.co.uk/product-page/march-by-chris-hawtin,62
117,Artist: Bella Easton,280,MYRIORAMA ROOM series –ARMCHAIR by Bella Easton,https://www.bearspace.co.uk/product-page/myriorama-room-series-armchair-by-bella-easton,117
50,100X50CM,N/A,Athne by Suzanne Moxhay,https://www.bearspace.co.uk/product-page/athne-by-suzanne-moxhay,50
45,92X45 CM,N/A,Boondocks by Suzanne Moxhay,https://www.bearspace.co.uk/product-page/boondocks-by-suzanne-moxhay,45
160,170x160cm,380,The Dawn Chorus by Chris Hawtin,https://www.bearspace.co.uk/product-page/the-dawn-chorus-by-chris-hawtin,160
55,Archival Digital print,N/A,Feralis by Suzanne Moxhay,https://www.bearspace.co.uk/product-page/feralis-by-suzanne-moxhay,55
60,50x60cm,N/A,"'Retreating, then advancing repeatedly over the centuries 3' by Janie Kidston",https://www.bearspace.co.uk/product-page/retreating-then-advancing-repeatedly-over-the-centuries-3-by-janie-kidston,60
60,50x60cm,N/A,"'Retreating, then advancing repeatedly over the centuries 6' by Janie Kidston",https://www.bearspace.co.uk/product-page/retreating-then-advancing-repeatedly-over-the-centuries-6-by-janie-kidston,60
60,50x60 cm,N/A,Moving from the side of the valley by Janie Kidston,https://www.bearspace.co.uk/product-page/moving-from-the-side-of-the-vallery,60
59,Archival Digital Print,N/A,Walking Out Over Ice in Midsummer 1 by Janie Kidston,https://www.bearspace.co.uk/product-page/walking-out-over-ice-in-midsummer-1,59
49,Acrylic and oil on board,N/A,Lucinda Metcalfe - Neon Pool,https://www.bearspace.co.uk/product-page/neon-pool,49
41, ,N/A,Jubellied (joy song) by Nadja Gabriela Plein,https://www.bearspace.co.uk/product-page/jubellied-joy-song-by-nadja-gabriela-plein,41
70,90x70cm,N/A,Sky Walk by Jane ward,https://www.bearspace.co.uk/product-page/sky-walk-by-jane-ward,70
44,100x44 cm,N/A,Bayou,https://www.bearspace.co.uk/product-page/bayou,44
90,125x90,N/A,Amongst the Impcat Scars by Jane Ward,https://www.bearspace.co.uk/product-page/amongst-the-impcat-scars,90
38,43x38cm,N/A,Heated Discussion by Lucinda Metcalfe,https://www.bearspace.co.uk/product-page/heated-discussion-by-lucinda-metcalfe,38
70,90x70cm,N/A,Castle by Jane Ward,https://www.bearspace.co.uk/product-page/castle-by-jane-ward,70
60,70x60cm,N/A,Secret Place by Natasha Kissell,https://www.bearspace.co.uk/product-page/secret-place-by-natasha-kissell,60
45, ,N/A,Garden City State 1a by Jane Ward,https://www.bearspace.co.uk/product-page/garden-city-state-1a-by-jane-ward,45
60,,N/A,(GCS) High Rise - Jane Ward,https://www.bearspace.co.uk/product-page/gcs-high-rise-jane-ward,60
60,50x60cm,N/A,"'Retreating, then advancing repeatedly over the centuries'5 by Janie Kidston",https://www.bearspace.co.uk/product-page/retreating-then-advancing-repeatedly-over-the-centuries-5,60
40,60x40cm,N/A,Gloaming by Suzanne Moxhay,https://www.bearspace.co.uk/product-page/gloaming-by-suzanne-moxhay,40
